NO REFERENCE|TRANSACTION CODE|AMOUNT LCY|TRX DESC|NARRATIVE|DATE TIME
BA-2609170000-ACQ|903|337742.06|QRIS SETTLEMENT||17/09/2026 08:15
BA-2609170000-ACQ|904|-1773.18|QRIS FEE||17/09/2026 08:15
BA-2609170001-ACQ|903|150444.83|QRIS SETTLEMENT||17/09/2026 21:47
BA-2609170001-ACQ|904|-1860.21|QRIS FEE||17/09/2026 21:47
BA-2609170002-ACQ|903|451480.81|QRIS SETTLEMENT||17/09/2026 13:02
BA-2609170002-ACQ|904|-2649.92|QRIS FEE||17/09/2026 13:02
BA-2609170003-ACQ|903|63408.75|QRIS SETTLEMENT||17/09/2026 16:38
BA-2609170003-ACQ|904|-455.68|QRIS FEE||17/09/2026 16:38
BA-2609170004-ACQ|903|61941.19|QRIS SETTLEMENT||17/09/2026 20:44
BA-2609170004-ACQ|904|-432.87|QRIS FEE||17/09/2026 20:44
BA-2609170005-ACQ|903|295223.67|QRIS SETTLEMENT||17/09/2026 18:17
BA-2609170005-ACQ|904|-2126.91|QRIS FEE||17/09/2026 18:17
BA-2609170006-ACQ|903|414243.71|QRIS SETTLEMENT||17/09/2026 05:44
BA-2609170006-ACQ|904|-2098.14|QRIS FEE||17/09/2026 05:44
BA-2609170007-ACQ|903|240176.48|QRIS SETTLEMENT||17/09/2026 06:48
BA-2609170007-ACQ|904|-1868.26|QRIS FEE||17/09/2026 06:48
BA-2609170008-ACQ|903|201467.55|QRIS SETTLEMENT||17/09/2026 03:22
BA-2609170008-ACQ|904|-1194.19|QRIS FEE||17/09/2026 03:22
BA-2609170009-ACQ|903|431372.46|QRIS SETTLEMENT||17/09/2026 01:46
BA-2609170009-ACQ|904|-4761.17|QRIS FEE||17/09/2026 01:46
BA-2609170010-ACQ|903|256741.2|QRIS SETTLEMENT||17/09/2026 12:05
BA-2609170010-ACQ|904|-1604.19|QRIS FEE||17/09/2026 12:05
BA-2609170011-ACQ|903|298418.28|QRIS SETTLEMENT||17/09/2026 19:56
BA-2609170011-ACQ|904|-3967.19|QRIS FEE||17/09/2026 19:56
BA-2609170012-ACQ|903|437768.11|QRIS SETTLEMENT||17/09/2026 22:04
BA-2609170012-ACQ|904|-4716.3|QRIS FEE||17/09/2026 22:04
BA-2609170013-ACQ|903|70620.97|QRIS SETTLEMENT||17/09/2026 09:05
BA-2609170013-ACQ|904|-514.05|QRIS FEE||17/09/2026 09:05
BA-2609170014-ACQ|903|434892.97|QRIS SETTLEMENT||17/09/2026 12:17
BA-2609170014-ACQ|904|-5942.74|QRIS FEE||17/09/2026 12:17
BA-2609170015-ACQ|903|254034.64|QRIS SETTLEMENT||17/09/2026 05:23
BA-2609170015-ACQ|904|-3389.1|QRIS FEE||17/09/2026 05:23
BA-2609170016-ACQ|903|209871.82|QRIS SETTLEMENT||17/09/2026 22:59
BA-2609170016-ACQ|904|-2455.87|QRIS FEE||17/09/2026 22:59
BA-2609170017-ACQ|903|357596.45|QRIS SETTLEMENT||17/09/2026 20:10
BA-2609170017-ACQ|904|-2043.32|QRIS FEE||17/09/2026 20:10
BA-2609170018-ACQ|903|290362.94|QRIS SETTLEMENT||17/09/2026 14:24
BA-2609170018-ACQ|904|-2162.65|QRIS FEE||17/09/2026 14:24
BA-2609170019-ACQ|903|171476.52|QRIS SETTLEMENT||17/09/2026 22:35
BA-2609170019-ACQ|904|-2444.21|QRIS FEE||17/09/2026 22:35
BA-2609170020-ACQ|903|148826.83|QRIS SETTLEMENT||17/09/2026 01:14
BA-2609170020-ACQ|904|-1226.75|QRIS FEE||17/09/2026 01:14
BA-2609170021-ACQ|903|419811.17|QRIS SETTLEMENT||17/09/2026 12:17
BA-2609170021-ACQ|904|-5478.73|QRIS FEE||17/09/2026 12:17
BA-2609170022-ACQ|903|79784.87|QRIS SETTLEMENT||17/09/2026 18:56
BA-2609170022-ACQ|904|-1127.47|QRIS FEE||17/09/2026 18:56
BA-2609170023-ACQ|903|373061.42|QRIS SETTLEMENT||17/09/2026 15:25
BA-2609170023-ACQ|904|-2658.53|QRIS FEE||17/09/2026 15:25
BA-2609170024-ACQ|903|448107.42|QRIS SETTLEMENT||17/09/2026 04:16
BA-2609170024-ACQ|904|-5121.2|QRIS FEE||17/09/2026 04:16
BA-2609170025-ACQ|903|112833.64|QRIS SETTLEMENT||17/09/2026 17:16
BA-2609170025-ACQ|904|-1404.77|QRIS FEE||17/09/2026 17:16
BA-2609170026-ACQ|903|386156.22|QRIS SETTLEMENT||17/09/2026 18:25
BA-2609170026-ACQ|904|-3585.2|QRIS FEE||17/09/2026 18:25
BA-2609170027-ACQ|903|212898.4|QRIS SETTLEMENT||17/09/2026 04:32
BA-2609170027-ACQ|904|-3187.78|QRIS FEE||17/09/2026 04:32
BA-2609170028-ACQ|903|272082.13|QRIS SETTLEMENT||17/09/2026 03:09
BA-2609170028-ACQ|904|-3416.76|QRIS FEE||17/09/2026 03:09
BA-2609170029-ACQ|903|332350.72|QRIS SETTLEMENT||17/09/2026 13:38
BA-2609170029-ACQ|904|-4294.24|QRIS FEE||17/09/2026 13:38
QR2065818|903|44629.06|INDIVIDUAL TRANSFER||17/09/2026 14:33
QR2065818|904|-489.08|INDIVIDUAL FEE||17/09/2026 14:33
QR5218028|903|97397.05|INDIVIDUAL TRANSFER||17/09/2026 00:43
QR5218028|904|-1325.36|INDIVIDUAL FEE||17/09/2026 00:43
QR2921859|903|71353.93|INDIVIDUAL TRANSFER||17/09/2026 08:49
QR2921859|904|-739.92|INDIVIDUAL FEE||17/09/2026 08:49
QR6707197|903|20039.7|INDIVIDUAL TRANSFER||17/09/2026 14:00
QR6707197|904|-187.32|INDIVIDUAL FEE||17/09/2026 14:00
QR5418934|903|97469.93|INDIVIDUAL TRANSFER||17/09/2026 16:58
QR5418934|904|-1230.03|INDIVIDUAL FEE||17/09/2026 16:58
QR2785277|903|88346.67|INDIVIDUAL TRANSFER||17/09/2026 20:32
QR2785277|904|-705.4|INDIVIDUAL FEE||17/09/2026 20:32
QR4337174|903|23755.53|INDIVIDUAL TRANSFER||17/09/2026 17:49
QR4337174|904|-299.92|INDIVIDUAL FEE||17/09/2026 17:49
QR9897858|903|92664.41|INDIVIDUAL TRANSFER||17/09/2026 15:01
QR9897858|904|-1018.33|INDIVIDUAL FEE||17/09/2026 15:01
QR2876828|903|93618.88|INDIVIDUAL TRANSFER||17/09/2026 09:15
QR2876828|904|-1290.74|INDIVIDUAL FEE||17/09/2026 09:15
QR1971823|903|31678.44|INDIVIDUAL TRANSFER||17/09/2026 02:05
QR1971823|904|-338.12|INDIVIDUAL FEE||17/09/2026 02:05
IR8962|000|4264093.01|INTERNAL TRANSFER||17/09/2026 23:00
IR3060|000|1513565.86|INTERNAL TRANSFER||17/09/2026 17:00
IR3705|000|2060226.52|INTERNAL TRANSFER||17/09/2026 15:00
IR7932|000|4857451.62|INTERNAL TRANSFER||17/09/2026 19:00
IR4295|000|3851795.89|INTERNAL TRANSFER||17/09/2026 17:00
