Transaction SN,transaction_amount,transaction_datetime,settlement_amount,admin_fee,base_admin_fee,deduction_cost
BA-2609170000-ACQ-000,115645.83,"17 Sep 2026, 01:00:00",115645.83,0.0,0.0,0.0
BA-2609170000-ACQ-001,117236.82,"17 Sep 2026, 01:00:00",117236.82,0.0,0.0,0.0
BA-2609170002-ACQ-000,81982.51,"17 Sep 2026, 16:00:00",81982.51,0.0,0.0,0.0
BA-2609170002-ACQ-001,40466.25,"17 Sep 2026, 16:00:00",40466.25,0.0,0.0,0.0
BA-2609170006-ACQ-000,28834.91,"17 Sep 2026, 07:00:00",28834.91,0.0,0.0,0.0
BA-2609170006-ACQ-001,72490.82,"17 Sep 2026, 18:00:00",72490.82,0.0,0.0,0.0
BA-2609170008-ACQ-000,97287.49,"17 Sep 2026, 19:00:00",97287.49,0.0,0.0,0.0
BA-2609170008-ACQ-001,30657.84,"17 Sep 2026, 21:00:00",30657.84,0.0,0.0,0.0
BA-2609170009-ACQ-000,93479.5,"17 Sep 2026, 10:00:00",93479.5,0.0,0.0,0.0
BA-2609170009-ACQ-001,141511.81,"17 Sep 2026, 06:00:00",141511.81,0.0,0.0,0.0
BA-2609170010-ACQ-000,113104.93,"17 Sep 2026, 07:00:00",113104.93,0.0,0.0,0.0
BA-2609170010-ACQ-001,54529.89,"17 Sep 2026, 04:00:00",54529.89,0.0,0.0,0.0
BA-2609170011-ACQ-000,103915.1,"17 Sep 2026, 14:00:00",103915.1,0.0,0.0,0.0
BA-2609170011-ACQ-001,61103.04,"17 Sep 2026, 02:00:00",61103.04,0.0,0.0,0.0
BA-2609170013-ACQ-000,100750.7,"17 Sep 2026, 18:00:00",100750.7,0.0,0.0,0.0
BA-2609170016-ACQ-000,47710.06,"17 Sep 2026, 08:00:00",47710.06,0.0,0.0,0.0
BA-2609170016-ACQ-001,37219.35,"17 Sep 2026, 11:00:00",37219.35,0.0,0.0,0.0
BA-2609170019-ACQ-000,57048.36,"17 Sep 2026, 14:00:00",57048.36,0.0,0.0,0.0
BA-2609170020-ACQ-000,111460.19,"17 Sep 2026, 19:00:00",111460.19,0.0,0.0,0.0
BA-2609170020-ACQ-001,147900.93,"17 Sep 2026, 20:00:00",147900.93,0.0,0.0,0.0
BA-2609170021-ACQ-000,21017.0,"17 Sep 2026, 17:00:00",21017.0,0.0,0.0,0.0
BA-2609170021-ACQ-001,58919.24,"17 Sep 2026, 21:00:00",58919.24,0.0,0.0,0.0
BA-2609170024-ACQ-000,35005.73,"17 Sep 2026, 03:00:00",35005.73,0.0,0.0,0.0
BA-2609170025-ACQ-000,91919.07,"17 Sep 2026, 08:00:00",91919.07,0.0,0.0,0.0
BA-2609170025-ACQ-001,56628.32,"17 Sep 2026, 06:00:00",56628.32,0.0,0.0,0.0
BA-2609170026-ACQ-000,64574.44,"17 Sep 2026, 21:00:00",64574.44,0.0,0.0,0.0
BA-2609170026-ACQ-001,102450.93,"17 Sep 2026, 08:00:00",102450.93,0.0,0.0,0.0
BA-2609170027-ACQ-000,83509.14,"17 Sep 2026, 01:00:00",83509.14,0.0,0.0,0.0
BA-2609170027-ACQ-001,31998.8,"17 Sep 2026, 13:00:00",31998.8,0.0,0.0,0.0
BA-2609170028-ACQ-000,25731.28,"17 Sep 2026, 10:00:00",25731.28,0.0,0.0,0.0
