NO REFERENCE|BATCH REFERENCE|AMOUNT|MDR AMOUNT|STATUS TRANSACTION
BA-2609170014-ACQ-000|BA-2609170014-ACQ|72340.77|506.39|SUCCEED
BA-2609170015-ACQ-000|BA-2609170015-ACQ|124077.03|868.54|SUCCEED
BA-2609170015-ACQ-001|BA-2609170015-ACQ|34204.97|239.43|SUCCEED
BA-2609170016-ACQ-000|BA-2609170016-ACQ|44727.16|313.09|SUCCEED
BA-2609170017-ACQ-000|BA-2609170017-ACQ|38223.7|267.57|SUCCEED
BA-2609170017-ACQ-001|BA-2609170017-ACQ|43853.44|306.97|SUCCEED
BA-2609170018-ACQ-000|BA-2609170018-ACQ|52474.84|367.32|SUCCEED
BA-2609170018-ACQ-001|BA-2609170018-ACQ|140024.53|980.17|SUCCEED
BA-2609170019-ACQ-000|BA-2609170019-ACQ|125042.89|875.3|SUCCEED
BA-2609170019-ACQ-001|BA-2609170019-ACQ|131275.7|918.93|SUCCEED
BA-2609170020-ACQ-000|BA-2609170020-ACQ|26576.48|186.04|SUCCEED
BA-2609170021-ACQ-000|BA-2609170021-ACQ|128683.59|900.79|SUCCEED
BA-2609170021-ACQ-001|BA-2609170021-ACQ|145969.51|1021.79|SUCCEED
BA-2609170021-ACQ-002|BA-2609170021-ACQ|140427.71|982.99|SUCCEED
BA-2609170022-ACQ-000|BA-2609170022-ACQ|41620.44|291.34|SUCCEED
BA-2609170023-ACQ-000|BA-2609170023-ACQ|82576.59|578.04|SUCCEED
BA-2609170023-ACQ-001|BA-2609170023-ACQ|132404.55|926.83|SUCCEED
BA-2609170024-ACQ-000|BA-2609170024-ACQ|41402.83|289.82|SUCCEED
BA-2609170025-ACQ-000|BA-2609170025-ACQ|148090.15|1036.63|SUCCEED
BA-2609170026-ACQ-000|BA-2609170026-ACQ|140447.35|983.13|SUCCEED
BA-2609170026-ACQ-001|BA-2609170026-ACQ|122066.82|854.47|SUCCEED
BA-2609170027-ACQ-000|BA-2609170027-ACQ|74990.97|524.94|SUCCEED
BA-2609170027-ACQ-001|BA-2609170027-ACQ|144451.29|1011.16|SUCCEED
BA-2609170028-ACQ-000|BA-2609170028-ACQ|106043.27|742.3|SUCCEED
BA-2609170028-ACQ-001|BA-2609170028-ACQ|83267.28|582.87|SUCCEED
BA-2609170028-ACQ-002|BA-2609170028-ACQ|44686.72|312.81|SUCCEED
BA-2609170029-ACQ-000|BA-2609170029-ACQ|145932.22|1021.53|SUCCEED
